{
  "cooperativa": 17,
  "total_registros": 24,
  "periodos": [
    {
      "cd_sistema": 1,
      "cd_central": 7,
      "cd_cooperativa": 17,
      "ano": 2009,
      "mes": 9,
      "nota_sobras_ou_perdas_sobre_recursos_totais": 3,
      "nota_inadimplencia": 1,
      "nota_liquidez_na_central": 1,
      "nota_adto_depositante": 1,
      "nota_custo_fixo_sobre_total_recursos": 1,
      "nota_tarifas_sobre_custo_fixo": 4,
      "nota_honorarios_e_cedula_sobre_custo_fixo": 4,
      "nota_folha_encargos_sobre_total_recursos": 1,
      "nota_receita_financeira_sobre_total_recursos": 4,
      "nota_retorno_carteira_de_credito": 3,
      "nota_despesas_financeiras_sobre_recursos_captados": 4,
      "nota_despesas_captacao_sobre_dep_prazo": 4,
      "nota_resultado_PCLD_sobre_despesas_totais_mes": 3,
      "nota_resultado_PCLD_sobre_total_recursos": 3,
      "nota_liquidez_geral": 1,
      "nota_participacao_capital_proprio": 1,
      "nota_rentabilidade_sobras_sobre_receitas_brutas": 3,
      "nota_rentabilidade_sobre_capital_proprio": 4,
      "nota_evolucao_quadro_social": 4,
      "nota_limite_exposicao_por_cliente": 1,
      "nota_concentacao_carteira_credito": 1,
      "nota_enquadramento_PRE": 1,
      "nota_concentracao_depositos": 1,
      "nota_imobilizacao_capital_proprio": 1,
      "nota_evolucao_patrimonial": 1,
      "alerta_sobras_ou_perdas_sobre_recursos_totais": 0,
      "alerta_inadimplencia": 1,
      "alerta_liquidez_na_central": 1,
      "alerta_adto_depositante": 1,
      "alerta_custo_fixo_sobre_total_recursos": 1,
      "alerta_tarifas_sobre_custo_fixo": 0,
      "alerta_honorarios_e_cedula_sobre_custo_fixo": 0,
      "alerta_folha_encargos_sobre_total_recursos": 1,
      "alerta_receita_financeira_sobre_total_recursos": 0,
      "alerta_retorno_carteira_de_credito": 0,
      "alerta_despesas_financeiras_sobre_recursos_captados": 0,
      "alerta_despesas_captacao_sobre_dep_prazo": 0,
      "alerta_resultado_PCLD_sobre_despesas_totais_mes": 0,
      "alerta_resultado_PCLD_sobre_total_recursos": 0,
      "alerta_liquidez_geral": 1,
      "alerta_participacao_capital_proprio": 1,
      "alerta_rentabilidade_sobras_sobre_receitas_brutas": 0,
      "alerta_rentabilidade_sobre_capital_proprio": 0,
      "alerta_evolucao_quadro_social": 0,
      "alerta_limite_exposicao_por_cliente": 1,
      "alerta_concentacao_carteira_credito": 1,
      "alerta_enquadramento_PRE": 1,
      "alerta_concentracao_depositos": 1,
      "alerta_imobilizacao_capital_proprio": 1,
      "alerta_evolucao_patrimonial": 1,
      "total": 56,
      "nu_justificativa": 1,
      "nu_plano": 9,
      "tx_justificativa": null,
      "tx_plano": null,
      "st_justificativa": 0,
      "st_plano": 0
    },
    {
      "cd_sistema": 1,
      "cd_central": 7,
      "cd_cooperativa": 17,
      "ano": 2009,
      "mes": 10,
      "nota_sobras_ou_perdas_sobre_recursos_totais": 3,
      "nota_inadimplencia": 1,
      "nota_liquidez_na_central": 4,
      "nota_adto_depositante": 1,
      "nota_custo_fixo_sobre_total_recursos": 1,
      "nota_tarifas_sobre_custo_fixo": 4,
      "nota_honorarios_e_cedula_sobre_custo_fixo": 4,
      "nota_folha_encargos_sobre_total_recursos": 1,
      "nota_receita_financeira_sobre_total_recursos": 4,
      "nota_retorno_carteira_de_credito": 3,
      "nota_despesas_financeiras_sobre_recursos_captados": 3,
      "nota_despesas_captacao_sobre_dep_prazo": 1,
      "nota_resultado_PCLD_sobre_despesas_totais_mes": 3,
      "nota_resultado_PCLD_sobre_total_recursos": 3,
      "nota_liquidez_geral": 1,
      "nota_participacao_capital_proprio": 1,
      "nota_rentabilidade_sobras_sobre_receitas_brutas": 3,
      "nota_rentabilidade_sobre_capital_proprio": 4,
      "nota_evolucao_quadro_social": 4,
      "nota_limite_exposicao_por_cliente": 1,
      "nota_concentacao_carteira_credito": 1,
      "nota_enquadramento_PRE": 1,
      "nota_concentracao_depositos": 1,
      "nota_imobilizacao_capital_proprio": 1,
      "nota_evolucao_patrimonial": 1,
      "alerta_sobras_ou_perdas_sobre_recursos_totais": 0,
      "alerta_inadimplencia": 1,
      "alerta_liquidez_na_central": 0,
      "alerta_adto_depositante": 1,
      "alerta_custo_fixo_sobre_total_recursos": 1,
      "alerta_tarifas_sobre_custo_fixo": 0,
      "alerta_honorarios_e_cedula_sobre_custo_fixo": 0,
      "alerta_folha_encargos_sobre_total_recursos": 1,
      "alerta_receita_financeira_sobre_total_recursos": 0,
      "alerta_retorno_carteira_de_credito": 0,
      "alerta_despesas_financeiras_sobre_recursos_captados": 0,
      "alerta_despesas_captacao_sobre_dep_prazo": 1,
      "alerta_resultado_PCLD_sobre_despesas_totais_mes": 0,
      "alerta_resultado_PCLD_sobre_total_recursos": 0,
      "alerta_liquidez_geral": 1,
      "alerta_participacao_capital_proprio": 1,
      "alerta_rentabilidade_sobras_sobre_receitas_brutas": 0,
      "alerta_rentabilidade_sobre_capital_proprio": 0,
      "alerta_evolucao_quadro_social": 0,
      "alerta_limite_exposicao_por_cliente": 1,
      "alerta_concentacao_carteira_credito": 1,
      "alerta_enquadramento_PRE": 1,
      "alerta_concentracao_depositos": 1,
      "alerta_imobilizacao_capital_proprio": 1,
      "alerta_evolucao_patrimonial": 1,
      "total": 55,
      "nu_justificativa": 2,
      "nu_plano": 9,
      "tx_justificativa": null,
      "tx_plano": null,
      "st_justificativa": 0,
      "st_plano": 0
    },
    {
      "cd_sistema": 1,
      "cd_central": 7,
      "cd_cooperativa": 17,
      "ano": 2009,
      "mes": 11,
      "nota_sobras_ou_perdas_sobre_recursos_totais": 1,
      "nota_inadimplencia": 1,
      "nota_liquidez_na_central": 1,
      "nota_adto_depositante": 1,
      "nota_custo_fixo_sobre_total_recursos": 1,
      "nota_tarifas_sobre_custo_fixo": 4,
      "nota_honorarios_e_cedula_sobre_custo_fixo": 4,
      "nota_folha_encargos_sobre_total_recursos": 1,
      "nota_receita_financeira_sobre_total_recursos": 4,
      "nota_retorno_carteira_de_credito": 2,
      "nota_despesas_financeiras_sobre_recursos_captados": 3,
      "nota_despesas_captacao_sobre_dep_prazo": 1,
      "nota_resultado_PCLD_sobre_despesas_totais_mes": 1,
      "nota_resultado_PCLD_sobre_total_recursos": 2,
      "nota_liquidez_geral": 1,
      "nota_participacao_capital_proprio": 1,
      "nota_rentabilidade_sobras_sobre_receitas_brutas": 1,
      "nota_rentabilidade_sobre_capital_proprio": 1,
      "nota_evolucao_quadro_social": 4,
      "nota_limite_exposicao_por_cliente": 1,
      "nota_concentacao_carteira_credito": 1,
      "nota_enquadramento_PRE": 1,
      "nota_concentracao_depositos": 1,
      "nota_imobilizacao_capital_proprio": 1,
      "nota_evolucao_patrimonial": 4,
      "alerta_sobras_ou_perdas_sobre_recursos_totais": 1,
      "alerta_inadimplencia": 1,
      "alerta_liquidez_na_central": 1,
      "alerta_adto_depositante": 1,
      "alerta_custo_fixo_sobre_total_recursos": 1,
      "alerta_tarifas_sobre_custo_fixo": 0,
      "alerta_honorarios_e_cedula_sobre_custo_fixo": 0,
      "alerta_folha_encargos_sobre_total_recursos": 1,
      "alerta_receita_financeira_sobre_total_recursos": 0,
      "alerta_retorno_carteira_de_credito": 1,
      "alerta_despesas_financeiras_sobre_recursos_captados": 0,
      "alerta_despesas_captacao_sobre_dep_prazo": 1,
      "alerta_resultado_PCLD_sobre_despesas_totais_mes": 1,
      "alerta_resultado_PCLD_sobre_total_recursos": 1,
      "alerta_liquidez_geral": 1,
      "alerta_participacao_capital_proprio": 1,
      "alerta_rentabilidade_sobras_sobre_receitas_brutas": 1,
      "alerta_rentabilidade_sobre_capital_proprio": 1,
      "alerta_evolucao_quadro_social": 0,
      "alerta_limite_exposicao_por_cliente": 1,
      "alerta_concentacao_carteira_credito": 1,
      "alerta_enquadramento_PRE": 1,
      "alerta_concentracao_depositos": 1,
      "alerta_imobilizacao_capital_proprio": 1,
      "alerta_evolucao_patrimonial": 0,
      "total": 44,
      "nu_justificativa": 3,
      "nu_plano": 9,
      "tx_justificativa": null,
      "tx_plano": null,
      "st_justificativa": 0,
      "st_plano": 0
    },
    {
      "cd_sistema": 1,
      "cd_central": 7,
      "cd_cooperativa": 17,
      "ano": 2009,
      "mes": 12,
      "nota_sobras_ou_perdas_sobre_recursos_totais": 4,
      "nota_inadimplencia": 1,
      "nota_liquidez_na_central": 1,
      "nota_adto_depositante": 1,
      "nota_custo_fixo_sobre_total_recursos": 1,
      "nota_tarifas_sobre_custo_fixo": 4,
      "nota_honorarios_e_cedula_sobre_custo_fixo": 4,
      "nota_folha_encargos_sobre_total_recursos": 1,
      "nota_receita_financeira_sobre_total_recursos": 4,
      "nota_retorno_carteira_de_credito": 4,
      "nota_despesas_financeiras_sobre_recursos_captados": 2,
      "nota_despesas_captacao_sobre_dep_prazo": 1,
      "nota_resultado_PCLD_sobre_despesas_totais_mes": 4,
      "nota_resultado_PCLD_sobre_total_recursos": 4,
      "nota_liquidez_geral": 1,
      "nota_participacao_capital_proprio": 1,
      "nota_rentabilidade_sobras_sobre_receitas_brutas": 4,
      "nota_rentabilidade_sobre_capital_proprio": 4,
      "nota_evolucao_quadro_social": 4,
      "nota_limite_exposicao_por_cliente": 1,
      "nota_concentacao_carteira_credito": 1,
      "nota_enquadramento_PRE": 1,
      "nota_concentracao_depositos": 1,
      "nota_imobilizacao_capital_proprio": 1,
      "nota_evolucao_patrimonial": 1,
      "alerta_sobras_ou_perdas_sobre_recursos_totais": 0,
      "alerta_inadimplencia": 1,
      "alerta_liquidez_na_central": 1,
      "alerta_adto_depositante": 1,
      "alerta_custo_fixo_sobre_total_recursos": 1,
      "alerta_tarifas_sobre_custo_fixo": 0,
      "alerta_honorarios_e_cedula_sobre_custo_fixo": 0,
      "alerta_folha_encargos_sobre_total_recursos": 1,
      "alerta_receita_financeira_sobre_total_recursos": 0,
      "alerta_retorno_carteira_de_credito": 0,
      "alerta_despesas_financeiras_sobre_recursos_captados": 1,
      "alerta_despesas_captacao_sobre_dep_prazo": 1,
      "alerta_resultado_PCLD_sobre_despesas_totais_mes": 0,
      "alerta_resultado_PCLD_sobre_total_recursos": 0,
      "alerta_liquidez_geral": 1,
      "alerta_participacao_capital_proprio": 1,
      "alerta_rentabilidade_sobras_sobre_receitas_brutas": 0,
      "alerta_rentabilidade_sobre_capital_proprio": 0,
      "alerta_evolucao_quadro_social": 0,
      "alerta_limite_exposicao_por_cliente": 1,
      "alerta_concentacao_carteira_credito": 1,
      "alerta_enquadramento_PRE": 1,
      "alerta_concentracao_depositos": 1,
      "alerta_imobilizacao_capital_proprio": 1,
      "alerta_evolucao_patrimonial": 1,
      "total": 56,
      "nu_justificativa": 4,
      "nu_plano": 9,
      "tx_justificativa": null,
      "tx_plano": null,
      "st_justificativa": 0,
      "st_plano": 0
    },
    {
      "cd_sistema": 1,
      "cd_central": 7,
      "cd_cooperativa": 17,
      "ano": 2010,
      "mes": 1,
      "nota_sobras_ou_perdas_sobre_recursos_totais": 1,
      "nota_inadimplencia": 1,
      "nota_liquidez_na_central": 1,
      "nota_adto_depositante": 1,
      "nota_custo_fixo_sobre_total_recursos": 1,
      "nota_tarifas_sobre_custo_fixo": 4,
      "nota_honorarios_e_cedula_sobre_custo_fixo": 4,
      "nota_folha_encargos_sobre_total_recursos": 1,
      "nota_receita_financeira_sobre_total_recursos": 4,
      "nota_retorno_carteira_de_credito": 1,
      "nota_despesas_financeiras_sobre_recursos_captados": 4,
      "nota_despesas_captacao_sobre_dep_prazo": 4,
      "nota_resultado_PCLD_sobre_despesas_totais_mes": 1,
      "nota_resultado_PCLD_sobre_total_recursos": 1,
      "nota_liquidez_geral": 1,
      "nota_participacao_capital_proprio": 1,
      "nota_rentabilidade_sobras_sobre_receitas_brutas": 1,
      "nota_rentabilidade_sobre_capital_proprio": 1,
      "nota_evolucao_quadro_social": 4,
      "nota_limite_exposicao_por_cliente": 1,
      "nota_concentacao_carteira_credito": 1,
      "nota_enquadramento_PRE": 1,
      "nota_concentracao_depositos": 1,
      "nota_imobilizacao_capital_proprio": 1,
      "nota_evolucao_patrimonial": 4,
      "alerta_sobras_ou_perdas_sobre_recursos_totais": 1,
      "alerta_inadimplencia": 1,
      "alerta_liquidez_na_central": 1,
      "alerta_adto_depositante": 1,
      "alerta_custo_fixo_sobre_total_recursos": 1,
      "alerta_tarifas_sobre_custo_fixo": 0,
      "alerta_honorarios_e_cedula_sobre_custo_fixo": 0,
      "alerta_folha_encargos_sobre_total_recursos": 1,
      "alerta_receita_financeira_sobre_total_recursos": 0,
      "alerta_retorno_carteira_de_credito": 1,
      "alerta_despesas_financeiras_sobre_recursos_captados": 0,
      "alerta_despesas_captacao_sobre_dep_prazo": 0,
      "alerta_resultado_PCLD_sobre_despesas_totais_mes": 1,
      "alerta_resultado_PCLD_sobre_total_recursos": 1,
      "alerta_liquidez_geral": 1,
      "alerta_participacao_capital_proprio": 1,
      "alerta_rentabilidade_sobras_sobre_receitas_brutas": 1,
      "alerta_rentabilidade_sobre_capital_proprio": 1,
      "alerta_evolucao_quadro_social": 0,
      "alerta_limite_exposicao_por_cliente": 1,
      "alerta_concentacao_carteira_credito": 1,
      "alerta_enquadramento_PRE": 1,
      "alerta_concentracao_depositos": 1,
      "alerta_imobilizacao_capital_proprio": 1,
      "alerta_evolucao_patrimonial": 0,
      "total": 46,
      "nu_justificativa": 5,
      "nu_plano": 9,
      "tx_justificativa": null,
      "tx_plano": null,
      "st_justificativa": 0,
      "st_plano": 0
    },
    {
      "cd_sistema": 1,
      "cd_central": 7,
      "cd_cooperativa": 17,
      "ano": 2010,
      "mes": 2,
      "nota_sobras_ou_perdas_sobre_recursos_totais": 1,
      "nota_inadimplencia": 1,
      "nota_liquidez_na_central": 1,
      "nota_adto_depositante": 1,
      "nota_custo_fixo_sobre_total_recursos": 1,
      "nota_tarifas_sobre_custo_fixo": 4,
      "nota_honorarios_e_cedula_sobre_custo_fixo": 4,
      "nota_folha_encargos_sobre_total_recursos": 1,
      "nota_receita_financeira_sobre_total_recursos": 4,
      "nota_retorno_carteira_de_credito": 1,
      "nota_despesas_financeiras_sobre_recursos_captados": 4,
      "nota_despesas_captacao_sobre_dep_prazo": 4,
      "nota_resultado_PCLD_sobre_despesas_totais_mes": 1,
      "nota_resultado_PCLD_sobre_total_recursos": 1,
      "nota_liquidez_geral": 1,
      "nota_participacao_capital_proprio": 1,
      "nota_rentabilidade_sobras_sobre_receitas_brutas": 1,
      "nota_rentabilidade_sobre_capital_proprio": 1,
      "nota_evolucao_quadro_social": 4,
      "nota_limite_exposicao_por_cliente": 1,
      "nota_concentacao_carteira_credito": 1,
      "nota_enquadramento_PRE": 1,
      "nota_concentracao_depositos": 1,
      "nota_imobilizacao_capital_proprio": 1,
      "nota_evolucao_patrimonial": 1,
      "alerta_sobras_ou_perdas_sobre_recursos_totais": 1,
      "alerta_inadimplencia": 1,
      "alerta_liquidez_na_central": 1,
      "alerta_adto_depositante": 1,
      "alerta_custo_fixo_sobre_total_recursos": 1,
      "alerta_tarifas_sobre_custo_fixo": 0,
      "alerta_honorarios_e_cedula_sobre_custo_fixo": 0,
      "alerta_folha_encargos_sobre_total_recursos": 1,
      "alerta_receita_financeira_sobre_total_recursos": 0,
      "alerta_retorno_carteira_de_credito": 1,
      "alerta_despesas_financeiras_sobre_recursos_captados": 0,
      "alerta_despesas_captacao_sobre_dep_prazo": 0,
      "alerta_resultado_PCLD_sobre_despesas_totais_mes": 1,
      "alerta_resultado_PCLD_sobre_total_recursos": 1,
      "alerta_liquidez_geral": 1,
      "alerta_participacao_capital_proprio": 1,
      "alerta_rentabilidade_sobras_sobre_receitas_brutas": 1,
      "alerta_rentabilidade_sobre_capital_proprio": 1,
      "alerta_evolucao_quadro_social": 0,
      "alerta_limite_exposicao_por_cliente": 1,
      "alerta_concentacao_carteira_credito": 1,
      "alerta_enquadramento_PRE": 1,
      "alerta_concentracao_depositos": 1,
      "alerta_imobilizacao_capital_proprio": 1,
      "alerta_evolucao_patrimonial": 1,
      "total": 43,
      "nu_justificativa": 6,
      "nu_plano": 9,
      "tx_justificativa": null,
      "tx_plano": null,
      "st_justificativa": 0,
      "st_plano": 0
    },
    {
      "cd_sistema": 1,
      "cd_central": 7,
      "cd_cooperativa": 17,
      "ano": 2010,
      "mes": 4,
      "nota_sobras_ou_perdas_sobre_recursos_totais": 4,
      "nota_inadimplencia": 1,
      "nota_liquidez_na_central": 1,
      "nota_adto_depositante": 1,
      "nota_custo_fixo_sobre_total_recursos": 1,
      "nota_tarifas_sobre_custo_fixo": 4,
      "nota_honorarios_e_cedula_sobre_custo_fixo": 4,
      "nota_folha_encargos_sobre_total_recursos": 1,
      "nota_receita_financeira_sobre_total_recursos": 4,
      "nota_retorno_carteira_de_credito": 4,
      "nota_despesas_financeiras_sobre_recursos_captados": 4,
      "nota_despesas_captacao_sobre_dep_prazo": 4,
      "nota_resultado_PCLD_sobre_despesas_totais_mes": 4,
      "nota_resultado_PCLD_sobre_total_recursos": 4,
      "nota_liquidez_geral": 1,
      "nota_participacao_capital_proprio": 1,
      "nota_rentabilidade_sobras_sobre_receitas_brutas": 4,
      "nota_rentabilidade_sobre_capital_proprio": 4,
      "nota_evolucao_quadro_social": 4,
      "nota_limite_exposicao_por_cliente": 1,
      "nota_concentacao_carteira_credito": 1,
      "nota_enquadramento_PRE": 1,
      "nota_concentracao_depositos": 1,
      "nota_imobilizacao_capital_proprio": 1,
      "nota_evolucao_patrimonial": 4,
      "alerta_sobras_ou_perdas_sobre_recursos_totais": 0,
      "alerta_inadimplencia": 1,
      "alerta_liquidez_na_central": 1,
      "alerta_adto_depositante": 1,
      "alerta_custo_fixo_sobre_total_recursos": 1,
      "alerta_tarifas_sobre_custo_fixo": 0,
      "alerta_honorarios_e_cedula_sobre_custo_fixo": 0,
      "alerta_folha_encargos_sobre_total_recursos": 1,
      "alerta_receita_financeira_sobre_total_recursos": 0,
      "alerta_retorno_carteira_de_credito": 0,
      "alerta_despesas_financeiras_sobre_recursos_captados": 0,
      "alerta_despesas_captacao_sobre_dep_prazo": 0,
      "alerta_resultado_PCLD_sobre_despesas_totais_mes": 0,
      "alerta_resultado_PCLD_sobre_total_recursos": 0,
      "alerta_liquidez_geral": 1,
      "alerta_participacao_capital_proprio": 1,
      "alerta_rentabilidade_sobras_sobre_receitas_brutas": 0,
      "alerta_rentabilidade_sobre_capital_proprio": 0,
      "alerta_evolucao_quadro_social": 0,
      "alerta_limite_exposicao_por_cliente": 1,
      "alerta_concentacao_carteira_credito": 1,
      "alerta_enquadramento_PRE": 1,
      "alerta_concentracao_depositos": 1,
      "alerta_imobilizacao_capital_proprio": 1,
      "alerta_evolucao_patrimonial": 0,
      "total": 64,
      "nu_justificativa": 8,
      "nu_plano": 9,
      "tx_justificativa": null,
      "tx_plano": null,
      "st_justificativa": 0,
      "st_plano": 0
    },
    {
      "cd_sistema": 1,
      "cd_central": 7,
      "cd_cooperativa": 17,
      "ano": 2010,
      "mes": 5,
      "nota_sobras_ou_perdas_sobre_recursos_totais": 4,
      "nota_inadimplencia": 1,
      "nota_liquidez_na_central": 1,
      "nota_adto_depositante": 1,
      "nota_custo_fixo_sobre_total_recursos": 1,
      "nota_tarifas_sobre_custo_fixo": 4,
      "nota_honorarios_e_cedula_sobre_custo_fixo": 4,
      "nota_folha_encargos_sobre_total_recursos": 1,
      "nota_receita_financeira_sobre_total_recursos": 4,
      "nota_retorno_carteira_de_credito": 4,
      "nota_despesas_financeiras_sobre_recursos_captados": 4,
      "nota_despesas_captacao_sobre_dep_prazo": 4,
      "nota_resultado_PCLD_sobre_despesas_totais_mes": 4,
      "nota_resultado_PCLD_sobre_total_recursos": 4,
      "nota_liquidez_geral": 1,
      "nota_participacao_capital_proprio": 1,
      "nota_rentabilidade_sobras_sobre_receitas_brutas": 4,
      "nota_rentabilidade_sobre_capital_proprio": 4,
      "nota_evolucao_quadro_social": 4,
      "nota_limite_exposicao_por_cliente": 1,
      "nota_concentacao_carteira_credito": 1,
      "nota_enquadramento_PRE": 1,
      "nota_concentracao_depositos": 2,
      "nota_imobilizacao_capital_proprio": 1,
      "nota_evolucao_patrimonial": 4,
      "alerta_sobras_ou_perdas_sobre_recursos_totais": 0,
      "alerta_inadimplencia": 1,
      "alerta_liquidez_na_central": 1,
      "alerta_adto_depositante": 1,
      "alerta_custo_fixo_sobre_total_recursos": 1,
      "alerta_tarifas_sobre_custo_fixo": 0,
      "alerta_honorarios_e_cedula_sobre_custo_fixo": 0,
      "alerta_folha_encargos_sobre_total_recursos": 1,
      "alerta_receita_financeira_sobre_total_recursos": 0,
      "alerta_retorno_carteira_de_credito": 0,
      "alerta_despesas_financeiras_sobre_recursos_captados": 0,
      "alerta_despesas_captacao_sobre_dep_prazo": 0,
      "alerta_resultado_PCLD_sobre_despesas_totais_mes": 0,
      "alerta_resultado_PCLD_sobre_total_recursos": 0,
      "alerta_liquidez_geral": 1,
      "alerta_participacao_capital_proprio": 1,
      "alerta_rentabilidade_sobras_sobre_receitas_brutas": 0,
      "alerta_rentabilidade_sobre_capital_proprio": 0,
      "alerta_evolucao_quadro_social": 0,
      "alerta_limite_exposicao_por_cliente": 1,
      "alerta_concentacao_carteira_credito": 1,
      "alerta_enquadramento_PRE": 1,
      "alerta_concentracao_depositos": 1,
      "alerta_imobilizacao_capital_proprio": 1,
      "alerta_evolucao_patrimonial": 0,
      "total": 65,
      "nu_justificativa": 9,
      "nu_plano": 9,
      "tx_justificativa": null,
      "tx_plano": null,
      "st_justificativa": 0,
      "st_plano": 0
    },
    {
      "cd_sistema": 1,
      "cd_central": 7,
      "cd_cooperativa": 17,
      "ano": 2010,
      "mes": 6,
      "nota_sobras_ou_perdas_sobre_recursos_totais": 1,
      "nota_inadimplencia": 1,
      "nota_liquidez_na_central": 1,
      "nota_adto_depositante": 1,
      "nota_custo_fixo_sobre_total_recursos": 1,
      "nota_tarifas_sobre_custo_fixo": 4,
      "nota_honorarios_e_cedula_sobre_custo_fixo": 4,
      "nota_folha_encargos_sobre_total_recursos": 1,
      "nota_receita_financeira_sobre_total_recursos": 3,
      "nota_retorno_carteira_de_credito": 1,
      "nota_despesas_financeiras_sobre_recursos_captados": 4,
      "nota_despesas_captacao_sobre_dep_prazo": 4,
      "nota_resultado_PCLD_sobre_despesas_totais_mes": 1,
      "nota_resultado_PCLD_sobre_total_recursos": 1,
      "nota_liquidez_geral": 1,
      "nota_participacao_capital_proprio": 1,
      "nota_rentabilidade_sobras_sobre_receitas_brutas": 1,
      "nota_rentabilidade_sobre_capital_proprio": 1,
      "nota_evolucao_quadro_social": 4,
      "nota_limite_exposicao_por_cliente": 1,
      "nota_concentacao_carteira_credito": 1,
      "nota_enquadramento_PRE": 1,
      "nota_concentracao_depositos": 1,
      "nota_imobilizacao_capital_proprio": 1,
      "nota_evolucao_patrimonial": 1,
      "alerta_sobras_ou_perdas_sobre_recursos_totais": 1,
      "alerta_inadimplencia": 1,
      "alerta_liquidez_na_central": 1,
      "alerta_adto_depositante": 1,
      "alerta_custo_fixo_sobre_total_recursos": 1,
      "alerta_tarifas_sobre_custo_fixo": 0,
      "alerta_honorarios_e_cedula_sobre_custo_fixo": 0,
      "alerta_folha_encargos_sobre_total_recursos": 1,
      "alerta_receita_financeira_sobre_total_recursos": 0,
      "alerta_retorno_carteira_de_credito": 1,
      "alerta_despesas_financeiras_sobre_recursos_captados": 0,
      "alerta_despesas_captacao_sobre_dep_prazo": 0,
      "alerta_resultado_PCLD_sobre_despesas_totais_mes": 1,
      "alerta_resultado_PCLD_sobre_total_recursos": 1,
      "alerta_liquidez_geral": 1,
      "alerta_participacao_capital_proprio": 1,
      "alerta_rentabilidade_sobras_sobre_receitas_brutas": 1,
      "alerta_rentabilidade_sobre_capital_proprio": 1,
      "alerta_evolucao_quadro_social": 0,
      "alerta_limite_exposicao_por_cliente": 1,
      "alerta_concentacao_carteira_credito": 1,
      "alerta_enquadramento_PRE": 1,
      "alerta_concentracao_depositos": 1,
      "alerta_imobilizacao_capital_proprio": 1,
      "alerta_evolucao_patrimonial": 1,
      "total": 42,
      "nu_justificativa": 10,
      "nu_plano": 9,
      "tx_justificativa": null,
      "tx_plano": null,
      "st_justificativa": 0,
      "st_plano": 0
    },
    {
      "cd_sistema": 1,
      "cd_central": 7,
      "cd_cooperativa": 17,
      "ano": 2010,
      "mes": 7,
      "nota_sobras_ou_perdas_sobre_recursos_totais": 2,
      "nota_inadimplencia": 1,
      "nota_liquidez_na_central": 1,
      "nota_adto_depositante": 4,
      "nota_custo_fixo_sobre_total_recursos": 1,
      "nota_tarifas_sobre_custo_fixo": 4,
      "nota_honorarios_e_cedula_sobre_custo_fixo": 4,
      "nota_folha_encargos_sobre_total_recursos": 1,
      "nota_receita_financeira_sobre_total_recursos": 4,
      "nota_retorno_carteira_de_credito": 4,
      "nota_despesas_financeiras_sobre_recursos_captados": 4,
      "nota_despesas_captacao_sobre_dep_prazo": 4,
      "nota_resultado_PCLD_sobre_despesas_totais_mes": 1,
      "nota_resultado_PCLD_sobre_total_recursos": 1,
      "nota_liquidez_geral": 1,
      "nota_participacao_capital_proprio": 1,
      "nota_rentabilidade_sobras_sobre_receitas_brutas": 1,
      "nota_rentabilidade_sobre_capital_proprio": 3,
      "nota_evolucao_quadro_social": 2,
      "nota_limite_exposicao_por_cliente": 1,
      "nota_concentacao_carteira_credito": 1,
      "nota_enquadramento_PRE": 1,
      "nota_concentracao_depositos": 1,
      "nota_imobilizacao_capital_proprio": 1,
      "nota_evolucao_patrimonial": 1,
      "alerta_sobras_ou_perdas_sobre_recursos_totais": 1,
      "alerta_inadimplencia": 1,
      "alerta_liquidez_na_central": 1,
      "alerta_adto_depositante": 0,
      "alerta_custo_fixo_sobre_total_recursos": 1,
      "alerta_tarifas_sobre_custo_fixo": 0,
      "alerta_honorarios_e_cedula_sobre_custo_fixo": 0,
      "alerta_folha_encargos_sobre_total_recursos": 1,
      "alerta_receita_financeira_sobre_total_recursos": 0,
      "alerta_retorno_carteira_de_credito": 0,
      "alerta_despesas_financeiras_sobre_recursos_captados": 0,
      "alerta_despesas_captacao_sobre_dep_prazo": 0,
      "alerta_resultado_PCLD_sobre_despesas_totais_mes": 1,
      "alerta_resultado_PCLD_sobre_total_recursos": 1,
      "alerta_liquidez_geral": 1,
      "alerta_participacao_capital_proprio": 1,
      "alerta_rentabilidade_sobras_sobre_receitas_brutas": 1,
      "alerta_rentabilidade_sobre_capital_proprio": 0,
      "alerta_evolucao_quadro_social": 1,
      "alerta_limite_exposicao_por_cliente": 1,
      "alerta_concentacao_carteira_credito": 1,
      "alerta_enquadramento_PRE": 1,
      "alerta_concentracao_depositos": 1,
      "alerta_imobilizacao_capital_proprio": 1,
      "alerta_evolucao_patrimonial": 1,
      "total": 50,
      "nu_justificativa": 11,
      "nu_plano": 9,
      "tx_justificativa": null,
      "tx_plano": null,
      "st_justificativa": 0,
      "st_plano": 0
    },
    {
      "cd_sistema": 1,
      "cd_central": 7,
      "cd_cooperativa": 17,
      "ano": 2010,
      "mes": 8,
      "nota_sobras_ou_perdas_sobre_recursos_totais": 1,
      "nota_inadimplencia": 1,
      "nota_liquidez_na_central": 1,
      "nota_adto_depositante": 1,
      "nota_custo_fixo_sobre_total_recursos": 1,
      "nota_tarifas_sobre_custo_fixo": 4,
      "nota_honorarios_e_cedula_sobre_custo_fixo": 4,
      "nota_folha_encargos_sobre_total_recursos": 1,
      "nota_receita_financeira_sobre_total_recursos": 4,
      "nota_retorno_carteira_de_credito": 1,
      "nota_despesas_financeiras_sobre_recursos_captados": 4,
      "nota_despesas_captacao_sobre_dep_prazo": 4,
      "nota_resultado_PCLD_sobre_despesas_totais_mes": 1,
      "nota_resultado_PCLD_sobre_total_recursos": 1,
      "nota_liquidez_geral": 1,
      "nota_participacao_capital_proprio": 1,
      "nota_rentabilidade_sobras_sobre_receitas_brutas": 1,
      "nota_rentabilidade_sobre_capital_proprio": 1,
      "nota_evolucao_quadro_social": 4,
      "nota_limite_exposicao_por_cliente": 1,
      "nota_concentacao_carteira_credito": 1,
      "nota_enquadramento_PRE": 1,
      "nota_concentracao_depositos": 1,
      "nota_imobilizacao_capital_proprio": 1,
      "nota_evolucao_patrimonial": 1,
      "alerta_sobras_ou_perdas_sobre_recursos_totais": 1,
      "alerta_inadimplencia": 1,
      "alerta_liquidez_na_central": 1,
      "alerta_adto_depositante": 1,
      "alerta_custo_fixo_sobre_total_recursos": 1,
      "alerta_tarifas_sobre_custo_fixo": 0,
      "alerta_honorarios_e_cedula_sobre_custo_fixo": 0,
      "alerta_folha_encargos_sobre_total_recursos": 1,
      "alerta_receita_financeira_sobre_total_recursos": 0,
      "alerta_retorno_carteira_de_credito": 1,
      "alerta_despesas_financeiras_sobre_recursos_captados": 0,
      "alerta_despesas_captacao_sobre_dep_prazo": 0,
      "alerta_resultado_PCLD_sobre_despesas_totais_mes": 1,
      "alerta_resultado_PCLD_sobre_total_recursos": 1,
      "alerta_liquidez_geral": 1,
      "alerta_participacao_capital_proprio": 1,
      "alerta_rentabilidade_sobras_sobre_receitas_brutas": 1,
      "alerta_rentabilidade_sobre_capital_proprio": 1,
      "alerta_evolucao_quadro_social": 0,
      "alerta_limite_exposicao_por_cliente": 1,
      "alerta_concentacao_carteira_credito": 1,
      "alerta_enquadramento_PRE": 1,
      "alerta_concentracao_depositos": 1,
      "alerta_imobilizacao_capital_proprio": 1,
      "alerta_evolucao_patrimonial": 1,
      "total": 43,
      "nu_justificativa": 12,
      "nu_plano": 9,
      "tx_justificativa": null,
      "tx_plano": null,
      "st_justificativa": 0,
      "st_plano": 0
    },
    {
      "cd_sistema": 1,
      "cd_central": 7,
      "cd_cooperativa": 17,
      "ano": 2010,
      "mes": 3,
      "nota_sobras_ou_perdas_sobre_recursos_totais": 1,
      "nota_inadimplencia": 1,
      "nota_liquidez_na_central": 1,
      "nota_adto_depositante": 1,
      "nota_custo_fixo_sobre_total_recursos": 1,
      "nota_tarifas_sobre_custo_fixo": 4,
      "nota_honorarios_e_cedula_sobre_custo_fixo": 4,
      "nota_folha_encargos_sobre_total_recursos": 1,
      "nota_receita_financeira_sobre_total_recursos": 4,
      "nota_retorno_carteira_de_credito": 1,
      "nota_despesas_financeiras_sobre_recursos_captados": 4,
      "nota_despesas_captacao_sobre_dep_prazo": 4,
      "nota_resultado_PCLD_sobre_despesas_totais_mes": 1,
      "nota_resultado_PCLD_sobre_total_recursos": 1,
      "nota_liquidez_geral": 1,
      "nota_participacao_capital_proprio": 1,
      "nota_rentabilidade_sobras_sobre_receitas_brutas": 1,
      "nota_rentabilidade_sobre_capital_proprio": 1,
      "nota_evolucao_quadro_social": 4,
      "nota_limite_exposicao_por_cliente": 1,
      "nota_concentacao_carteira_credito": 1,
      "nota_enquadramento_PRE": 1,
      "nota_concentracao_depositos": 1,
      "nota_imobilizacao_capital_proprio": 1,
      "nota_evolucao_patrimonial": 1,
      "alerta_sobras_ou_perdas_sobre_recursos_totais": 1,
      "alerta_inadimplencia": 1,
      "alerta_liquidez_na_central": 1,
      "alerta_adto_depositante": 1,
      "alerta_custo_fixo_sobre_total_recursos": 1,
      "alerta_tarifas_sobre_custo_fixo": 0,
      "alerta_honorarios_e_cedula_sobre_custo_fixo": 0,
      "alerta_folha_encargos_sobre_total_recursos": 1,
      "alerta_receita_financeira_sobre_total_recursos": 0,
      "alerta_retorno_carteira_de_credito": 1,
      "alerta_despesas_financeiras_sobre_recursos_captados": 0,
      "alerta_despesas_captacao_sobre_dep_prazo": 0,
      "alerta_resultado_PCLD_sobre_despesas_totais_mes": 1,
      "alerta_resultado_PCLD_sobre_total_recursos": 1,
      "alerta_liquidez_geral": 1,
      "alerta_participacao_capital_proprio": 1,
      "alerta_rentabilidade_sobras_sobre_receitas_brutas": 1,
      "alerta_rentabilidade_sobre_capital_proprio": 1,
      "alerta_evolucao_quadro_social": 0,
      "alerta_limite_exposicao_por_cliente": 1,
      "alerta_concentacao_carteira_credito": 1,
      "alerta_enquadramento_PRE": 1,
      "alerta_concentracao_depositos": 1,
      "alerta_imobilizacao_capital_proprio": 1,
      "alerta_evolucao_patrimonial": 1,
      "total": 43,
      "nu_justificativa": 7,
      "nu_plano": 9,
      "tx_justificativa": null,
      "tx_plano": null,
      "st_justificativa": 0,
      "st_plano": 0
    },
    {
      "cd_sistema": 1,
      "cd_central": 7,
      "cd_cooperativa": 17,
      "ano": 2010,
      "mes": 9,
      "nota_sobras_ou_perdas_sobre_recursos_totais": 1,
      "nota_inadimplencia": 1,
      "nota_liquidez_na_central": 1,
      "nota_adto_depositante": 1,
      "nota_custo_fixo_sobre_total_recursos": 1,
      "nota_tarifas_sobre_custo_fixo": 4,
      "nota_honorarios_e_cedula_sobre_custo_fixo": 4,
      "nota_folha_encargos_sobre_total_recursos": 1,
      "nota_receita_financeira_sobre_total_recursos": 4,
      "nota_retorno_carteira_de_credito": 1,
      "nota_despesas_financeiras_sobre_recursos_captados": 3,
      "nota_despesas_captacao_sobre_dep_prazo": 4,
      "nota_resultado_PCLD_sobre_despesas_totais_mes": 1,
      "nota_resultado_PCLD_sobre_total_recursos": 1,
      "nota_liquidez_geral": 1,
      "nota_participacao_capital_proprio": 1,
      "nota_rentabilidade_sobras_sobre_receitas_brutas": 1,
      "nota_rentabilidade_sobre_capital_proprio": 1,
      "nota_evolucao_quadro_social": 4,
      "nota_limite_exposicao_por_cliente": 1,
      "nota_concentacao_carteira_credito": 1,
      "nota_enquadramento_PRE": 1,
      "nota_concentracao_depositos": 2,
      "nota_imobilizacao_capital_proprio": 1,
      "nota_evolucao_patrimonial": 1,
      "alerta_sobras_ou_perdas_sobre_recursos_totais": 1,
      "alerta_inadimplencia": 1,
      "alerta_liquidez_na_central": 1,
      "alerta_adto_depositante": 1,
      "alerta_custo_fixo_sobre_total_recursos": 1,
      "alerta_tarifas_sobre_custo_fixo": 0,
      "alerta_honorarios_e_cedula_sobre_custo_fixo": 0,
      "alerta_folha_encargos_sobre_total_recursos": 1,
      "alerta_receita_financeira_sobre_total_recursos": 0,
      "alerta_retorno_carteira_de_credito": 1,
      "alerta_despesas_financeiras_sobre_recursos_captados": 0,
      "alerta_despesas_captacao_sobre_dep_prazo": 0,
      "alerta_resultado_PCLD_sobre_despesas_totais_mes": 1,
      "alerta_resultado_PCLD_sobre_total_recursos": 1,
      "alerta_liquidez_geral": 1,
      "alerta_participacao_capital_proprio": 1,
      "alerta_rentabilidade_sobras_sobre_receitas_brutas": 1,
      "alerta_rentabilidade_sobre_capital_proprio": 1,
      "alerta_evolucao_quadro_social": 0,
      "alerta_limite_exposicao_por_cliente": 1,
      "alerta_concentacao_carteira_credito": 1,
      "alerta_enquadramento_PRE": 1,
      "alerta_concentracao_depositos": 1,
      "alerta_imobilizacao_capital_proprio": 1,
      "alerta_evolucao_patrimonial": 1,
      "total": 43,
      "nu_justificativa": 13,
      "nu_plano": 9,
      "tx_justificativa": null,
      "tx_plano": null,
      "st_justificativa": 0,
      "st_plano": 0
    },
    {
      "cd_sistema": 1,
      "cd_central": 7,
      "cd_cooperativa": 17,
      "ano": 2010,
      "mes": 10,
      "nota_sobras_ou_perdas_sobre_recursos_totais": 1,
      "nota_inadimplencia": 1,
      "nota_liquidez_na_central": 1,
      "nota_adto_depositante": 1,
      "nota_custo_fixo_sobre_total_recursos": 1,
      "nota_tarifas_sobre_custo_fixo": 4,
      "nota_honorarios_e_cedula_sobre_custo_fixo": 4,
      "nota_folha_encargos_sobre_total_recursos": 1,
      "nota_receita_financeira_sobre_total_recursos": 4,
      "nota_retorno_carteira_de_credito": 1,
      "nota_despesas_financeiras_sobre_recursos_captados": 3,
      "nota_despesas_captacao_sobre_dep_prazo": 4,
      "nota_resultado_PCLD_sobre_despesas_totais_mes": 1,
      "nota_resultado_PCLD_sobre_total_recursos": 1,
      "nota_liquidez_geral": 1,
      "nota_participacao_capital_proprio": 1,
      "nota_rentabilidade_sobras_sobre_receitas_brutas": 1,
      "nota_rentabilidade_sobre_capital_proprio": 1,
      "nota_evolucao_quadro_social": 4,
      "nota_limite_exposicao_por_cliente": 1,
      "nota_concentacao_carteira_credito": 1,
      "nota_enquadramento_PRE": 1,
      "nota_concentracao_depositos": 2,
      "nota_imobilizacao_capital_proprio": 1,
      "nota_evolucao_patrimonial": 1,
      "alerta_sobras_ou_perdas_sobre_recursos_totais": 1,
      "alerta_inadimplencia": 1,
      "alerta_liquidez_na_central": 1,
      "alerta_adto_depositante": 1,
      "alerta_custo_fixo_sobre_total_recursos": 1,
      "alerta_tarifas_sobre_custo_fixo": 0,
      "alerta_honorarios_e_cedula_sobre_custo_fixo": 0,
      "alerta_folha_encargos_sobre_total_recursos": 1,
      "alerta_receita_financeira_sobre_total_recursos": 0,
      "alerta_retorno_carteira_de_credito": 1,
      "alerta_despesas_financeiras_sobre_recursos_captados": 0,
      "alerta_despesas_captacao_sobre_dep_prazo": 0,
      "alerta_resultado_PCLD_sobre_despesas_totais_mes": 1,
      "alerta_resultado_PCLD_sobre_total_recursos": 1,
      "alerta_liquidez_geral": 1,
      "alerta_participacao_capital_proprio": 1,
      "alerta_rentabilidade_sobras_sobre_receitas_brutas": 1,
      "alerta_rentabilidade_sobre_capital_proprio": 1,
      "alerta_evolucao_quadro_social": 0,
      "alerta_limite_exposicao_por_cliente": 1,
      "alerta_concentacao_carteira_credito": 1,
      "alerta_enquadramento_PRE": 1,
      "alerta_concentracao_depositos": 1,
      "alerta_imobilizacao_capital_proprio": 1,
      "alerta_evolucao_patrimonial": 1,
      "total": 43,
      "nu_justificativa": 14,
      "nu_plano": 9,
      "tx_justificativa": null,
      "tx_plano": null,
      "st_justificativa": 0,
      "st_plano": 0
    },
    {
      "cd_sistema": 1,
      "cd_central": 7,
      "cd_cooperativa": 17,
      "ano": 2010,
      "mes": 11,
      "nota_sobras_ou_perdas_sobre_recursos_totais": 1,
      "nota_inadimplencia": 1,
      "nota_liquidez_na_central": 1,
      "nota_adto_depositante": 1,
      "nota_custo_fixo_sobre_total_recursos": 1,
      "nota_tarifas_sobre_custo_fixo": 4,
      "nota_honorarios_e_cedula_sobre_custo_fixo": 4,
      "nota_folha_encargos_sobre_total_recursos": 1,
      "nota_receita_financeira_sobre_total_recursos": 4,
      "nota_retorno_carteira_de_credito": 1,
      "nota_despesas_financeiras_sobre_recursos_captados": 1,
      "nota_despesas_captacao_sobre_dep_prazo": 4,
      "nota_resultado_PCLD_sobre_despesas_totais_mes": 1,
      "nota_resultado_PCLD_sobre_total_recursos": 1,
      "nota_liquidez_geral": 1,
      "nota_participacao_capital_proprio": 1,
      "nota_rentabilidade_sobras_sobre_receitas_brutas": 1,
      "nota_rentabilidade_sobre_capital_proprio": 1,
      "nota_evolucao_quadro_social": 2,
      "nota_limite_exposicao_por_cliente": 1,
      "nota_concentacao_carteira_credito": 1,
      "nota_enquadramento_PRE": 1,
      "nota_concentracao_depositos": 2,
      "nota_imobilizacao_capital_proprio": 1,
      "nota_evolucao_patrimonial": 1,
      "alerta_sobras_ou_perdas_sobre_recursos_totais": 1,
      "alerta_inadimplencia": 1,
      "alerta_liquidez_na_central": 1,
      "alerta_adto_depositante": 1,
      "alerta_custo_fixo_sobre_total_recursos": 1,
      "alerta_tarifas_sobre_custo_fixo": 0,
      "alerta_honorarios_e_cedula_sobre_custo_fixo": 0,
      "alerta_folha_encargos_sobre_total_recursos": 1,
      "alerta_receita_financeira_sobre_total_recursos": 0,
      "alerta_retorno_carteira_de_credito": 1,
      "alerta_despesas_financeiras_sobre_recursos_captados": 1,
      "alerta_despesas_captacao_sobre_dep_prazo": 0,
      "alerta_resultado_PCLD_sobre_despesas_totais_mes": 1,
      "alerta_resultado_PCLD_sobre_total_recursos": 1,
      "alerta_liquidez_geral": 1,
      "alerta_participacao_capital_proprio": 1,
      "alerta_rentabilidade_sobras_sobre_receitas_brutas": 1,
      "alerta_rentabilidade_sobre_capital_proprio": 1,
      "alerta_evolucao_quadro_social": 1,
      "alerta_limite_exposicao_por_cliente": 1,
      "alerta_concentacao_carteira_credito": 1,
      "alerta_enquadramento_PRE": 1,
      "alerta_concentracao_depositos": 1,
      "alerta_imobilizacao_capital_proprio": 1,
      "alerta_evolucao_patrimonial": 1,
      "total": 39,
      "nu_justificativa": 15,
      "nu_plano": 9,
      "tx_justificativa": null,
      "tx_plano": null,
      "st_justificativa": 0,
      "st_plano": 0
    },
    {
      "cd_sistema": 1,
      "cd_central": 7,
      "cd_cooperativa": 17,
      "ano": 2010,
      "mes": 12,
      "nota_sobras_ou_perdas_sobre_recursos_totais": 4,
      "nota_inadimplencia": 1,
      "nota_liquidez_na_central": 1,
      "nota_adto_depositante": 3,
      "nota_custo_fixo_sobre_total_recursos": 1,
      "nota_tarifas_sobre_custo_fixo": 4,
      "nota_honorarios_e_cedula_sobre_custo_fixo": 4,
      "nota_folha_encargos_sobre_total_recursos": 1,
      "nota_receita_financeira_sobre_total_recursos": 4,
      "nota_retorno_carteira_de_credito": 4,
      "nota_despesas_financeiras_sobre_recursos_captados": 3,
      "nota_despesas_captacao_sobre_dep_prazo": 1,
      "nota_resultado_PCLD_sobre_despesas_totais_mes": 4,
      "nota_resultado_PCLD_sobre_total_recursos": 4,
      "nota_liquidez_geral": 2,
      "nota_participacao_capital_proprio": 1,
      "nota_rentabilidade_sobras_sobre_receitas_brutas": 4,
      "nota_rentabilidade_sobre_capital_proprio": 4,
      "nota_evolucao_quadro_social": 2,
      "nota_limite_exposicao_por_cliente": 1,
      "nota_concentacao_carteira_credito": 1,
      "nota_enquadramento_PRE": 1,
      "nota_concentracao_depositos": 2,
      "nota_imobilizacao_capital_proprio": 1,
      "nota_evolucao_patrimonial": 4,
      "alerta_sobras_ou_perdas_sobre_recursos_totais": 0,
      "alerta_inadimplencia": 1,
      "alerta_liquidez_na_central": 1,
      "alerta_adto_depositante": 0,
      "alerta_custo_fixo_sobre_total_recursos": 1,
      "alerta_tarifas_sobre_custo_fixo": 0,
      "alerta_honorarios_e_cedula_sobre_custo_fixo": 0,
      "alerta_folha_encargos_sobre_total_recursos": 1,
      "alerta_receita_financeira_sobre_total_recursos": 0,
      "alerta_retorno_carteira_de_credito": 0,
      "alerta_despesas_financeiras_sobre_recursos_captados": 0,
      "alerta_despesas_captacao_sobre_dep_prazo": 1,
      "alerta_resultado_PCLD_sobre_despesas_totais_mes": 0,
      "alerta_resultado_PCLD_sobre_total_recursos": 0,
      "alerta_liquidez_geral": 1,
      "alerta_participacao_capital_proprio": 1,
      "alerta_rentabilidade_sobras_sobre_receitas_brutas": 0,
      "alerta_rentabilidade_sobre_capital_proprio": 0,
      "alerta_evolucao_quadro_social": 1,
      "alerta_limite_exposicao_por_cliente": 1,
      "alerta_concentacao_carteira_credito": 1,
      "alerta_enquadramento_PRE": 1,
      "alerta_concentracao_depositos": 1,
      "alerta_imobilizacao_capital_proprio": 1,
      "alerta_evolucao_patrimonial": 0,
      "total": 62,
      "nu_justificativa": 16,
      "nu_plano": 9,
      "tx_justificativa": null,
      "tx_plano": null,
      "st_justificativa": 0,
      "st_plano": 0
    },
    {
      "cd_sistema": 1,
      "cd_central": 7,
      "cd_cooperativa": 17,
      "ano": 2011,
      "mes": 1,
      "nota_sobras_ou_perdas_sobre_recursos_totais": 1,
      "nota_inadimplencia": 1,
      "nota_liquidez_na_central": 2,
      "nota_adto_depositante": 4,
      "nota_custo_fixo_sobre_total_recursos": 1,
      "nota_tarifas_sobre_custo_fixo": 4,
      "nota_honorarios_e_cedula_sobre_custo_fixo": 4,
      "nota_folha_encargos_sobre_total_recursos": 1,
      "nota_receita_financeira_sobre_total_recursos": 4,
      "nota_retorno_carteira_de_credito": 4,
      "nota_despesas_financeiras_sobre_recursos_captados": 4,
      "nota_despesas_captacao_sobre_dep_prazo": 4,
      "nota_resultado_PCLD_sobre_despesas_totais_mes": 2,
      "nota_resultado_PCLD_sobre_total_recursos": 1,
      "nota_liquidez_geral": 2,
      "nota_participacao_capital_proprio": 1,
      "nota_rentabilidade_sobras_sobre_receitas_brutas": 1,
      "nota_rentabilidade_sobre_capital_proprio": 1,
      "nota_evolucao_quadro_social": 4,
      "nota_limite_exposicao_por_cliente": 1,
      "nota_concentacao_carteira_credito": 1,
      "nota_enquadramento_PRE": 4,
      "nota_concentracao_depositos": 2,
      "nota_imobilizacao_capital_proprio": 1,
      "nota_evolucao_patrimonial": 4,
      "alerta_sobras_ou_perdas_sobre_recursos_totais": 1,
      "alerta_inadimplencia": 1,
      "alerta_liquidez_na_central": 1,
      "alerta_adto_depositante": 0,
      "alerta_custo_fixo_sobre_total_recursos": 1,
      "alerta_tarifas_sobre_custo_fixo": 0,
      "alerta_honorarios_e_cedula_sobre_custo_fixo": 0,
      "alerta_folha_encargos_sobre_total_recursos": 1,
      "alerta_receita_financeira_sobre_total_recursos": 0,
      "alerta_retorno_carteira_de_credito": 0,
      "alerta_despesas_financeiras_sobre_recursos_captados": 0,
      "alerta_despesas_captacao_sobre_dep_prazo": 0,
      "alerta_resultado_PCLD_sobre_despesas_totais_mes": 1,
      "alerta_resultado_PCLD_sobre_total_recursos": 1,
      "alerta_liquidez_geral": 1,
      "alerta_participacao_capital_proprio": 1,
      "alerta_rentabilidade_sobras_sobre_receitas_brutas": 1,
      "alerta_rentabilidade_sobre_capital_proprio": 1,
      "alerta_evolucao_quadro_social": 0,
      "alerta_limite_exposicao_por_cliente": 1,
      "alerta_concentacao_carteira_credito": 1,
      "alerta_enquadramento_PRE": 0,
      "alerta_concentracao_depositos": 1,
      "alerta_imobilizacao_capital_proprio": 1,
      "alerta_evolucao_patrimonial": 0,
      "total": 59,
      "nu_justificativa": 17,
      "nu_plano": 9,
      "tx_justificativa": null,
      "tx_plano": null,
      "st_justificativa": 0,
      "st_plano": 0
    },
    {
      "cd_sistema": 1,
      "cd_central": 7,
      "cd_cooperativa": 17,
      "ano": 2011,
      "mes": 2,
      "nota_sobras_ou_perdas_sobre_recursos_totais": 1,
      "nota_inadimplencia": 1,
      "nota_liquidez_na_central": 1,
      "nota_adto_depositante": 1,
      "nota_custo_fixo_sobre_total_recursos": 1,
      "nota_tarifas_sobre_custo_fixo": 4,
      "nota_honorarios_e_cedula_sobre_custo_fixo": 4,
      "nota_folha_encargos_sobre_total_recursos": 1,
      "nota_receita_financeira_sobre_total_recursos": 4,
      "nota_retorno_carteira_de_credito": 2,
      "nota_despesas_financeiras_sobre_recursos_captados": 4,
      "nota_despesas_captacao_sobre_dep_prazo": 4,
      "nota_resultado_PCLD_sobre_despesas_totais_mes": 1,
      "nota_resultado_PCLD_sobre_total_recursos": 1,
      "nota_liquidez_geral": 1,
      "nota_participacao_capital_proprio": 1,
      "nota_rentabilidade_sobras_sobre_receitas_brutas": 1,
      "nota_rentabilidade_sobre_capital_proprio": 1,
      "nota_evolucao_quadro_social": 4,
      "nota_limite_exposicao_por_cliente": 1,
      "nota_concentacao_carteira_credito": 1,
      "nota_enquadramento_PRE": 3,
      "nota_concentracao_depositos": 2,
      "nota_imobilizacao_capital_proprio": 1,
      "nota_evolucao_patrimonial": 4,
      "alerta_sobras_ou_perdas_sobre_recursos_totais": 1,
      "alerta_inadimplencia": 1,
      "alerta_liquidez_na_central": 1,
      "alerta_adto_depositante": 1,
      "alerta_custo_fixo_sobre_total_recursos": 1,
      "alerta_tarifas_sobre_custo_fixo": 0,
      "alerta_honorarios_e_cedula_sobre_custo_fixo": 0,
      "alerta_folha_encargos_sobre_total_recursos": 1,
      "alerta_receita_financeira_sobre_total_recursos": 0,
      "alerta_retorno_carteira_de_credito": 1,
      "alerta_despesas_financeiras_sobre_recursos_captados": 0,
      "alerta_despesas_captacao_sobre_dep_prazo": 0,
      "alerta_resultado_PCLD_sobre_despesas_totais_mes": 1,
      "alerta_resultado_PCLD_sobre_total_recursos": 1,
      "alerta_liquidez_geral": 1,
      "alerta_participacao_capital_proprio": 1,
      "alerta_rentabilidade_sobras_sobre_receitas_brutas": 1,
      "alerta_rentabilidade_sobre_capital_proprio": 1,
      "alerta_evolucao_quadro_social": 0,
      "alerta_limite_exposicao_por_cliente": 1,
      "alerta_concentacao_carteira_credito": 1,
      "alerta_enquadramento_PRE": 0,
      "alerta_concentracao_depositos": 1,
      "alerta_imobilizacao_capital_proprio": 1,
      "alerta_evolucao_patrimonial": 0,
      "total": 50,
      "nu_justificativa": 18,
      "nu_plano": 9,
      "tx_justificativa": null,
      "tx_plano": null,
      "st_justificativa": 0,
      "st_plano": 0
    },
    {
      "cd_sistema": 1,
      "cd_central": 7,
      "cd_cooperativa": 17,
      "ano": 2011,
      "mes": 3,
      "nota_sobras_ou_perdas_sobre_recursos_totais": 1,
      "nota_inadimplencia": 1,
      "nota_liquidez_na_central": 1,
      "nota_adto_depositante": 1,
      "nota_custo_fixo_sobre_total_recursos": 1,
      "nota_tarifas_sobre_custo_fixo": 1,
      "nota_honorarios_e_cedula_sobre_custo_fixo": 1,
      "nota_folha_encargos_sobre_total_recursos": 1,
      "nota_receita_financeira_sobre_total_recursos": 1,
      "nota_retorno_carteira_de_credito": 1,
      "nota_despesas_financeiras_sobre_recursos_captados": 1,
      "nota_despesas_captacao_sobre_dep_prazo": 1,
      "nota_resultado_PCLD_sobre_despesas_totais_mes": 1,
      "nota_resultado_PCLD_sobre_total_recursos": 1,
      "nota_liquidez_geral": 1,
      "nota_participacao_capital_proprio": 1,
      "nota_rentabilidade_sobras_sobre_receitas_brutas": 1,
      "nota_rentabilidade_sobre_capital_proprio": 1,
      "nota_evolucao_quadro_social": 1,
      "nota_limite_exposicao_por_cliente": 1,
      "nota_concentacao_carteira_credito": 1,
      "nota_enquadramento_PRE": 1,
      "nota_concentracao_depositos": 1,
      "nota_imobilizacao_capital_proprio": 1,
      "nota_evolucao_patrimonial": 1,
      "alerta_sobras_ou_perdas_sobre_recursos_totais": 1,
      "alerta_inadimplencia": 1,
      "alerta_liquidez_na_central": 1,
      "alerta_adto_depositante": 1,
      "alerta_custo_fixo_sobre_total_recursos": 1,
      "alerta_tarifas_sobre_custo_fixo": 1,
      "alerta_honorarios_e_cedula_sobre_custo_fixo": 1,
      "alerta_folha_encargos_sobre_total_recursos": 1,
      "alerta_receita_financeira_sobre_total_recursos": 1,
      "alerta_retorno_carteira_de_credito": 1,
      "alerta_despesas_financeiras_sobre_recursos_captados": 1,
      "alerta_despesas_captacao_sobre_dep_prazo": 1,
      "alerta_resultado_PCLD_sobre_despesas_totais_mes": 1,
      "alerta_resultado_PCLD_sobre_total_recursos": 1,
      "alerta_liquidez_geral": 1,
      "alerta_participacao_capital_proprio": 1,
      "alerta_rentabilidade_sobras_sobre_receitas_brutas": 1,
      "alerta_rentabilidade_sobre_capital_proprio": 1,
      "alerta_evolucao_quadro_social": 1,
      "alerta_limite_exposicao_por_cliente": 1,
      "alerta_concentacao_carteira_credito": 1,
      "alerta_enquadramento_PRE": 1,
      "alerta_concentracao_depositos": 1,
      "alerta_imobilizacao_capital_proprio": 1,
      "alerta_evolucao_patrimonial": 1,
      "total": 25,
      "nu_justificativa": 19,
      "nu_plano": 9,
      "tx_justificativa": null,
      "tx_plano": null,
      "st_justificativa": 0,
      "st_plano": 0
    },
    {
      "cd_sistema": 1,
      "cd_central": 7,
      "cd_cooperativa": 17,
      "ano": 2012,
      "mes": 2,
      "nota_sobras_ou_perdas_sobre_recursos_totais": 1,
      "nota_inadimplencia": 4,
      "nota_liquidez_na_central": 1,
      "nota_adto_depositante": 4,
      "nota_custo_fixo_sobre_total_recursos": 4,
      "nota_tarifas_sobre_custo_fixo": 1,
      "nota_honorarios_e_cedula_sobre_custo_fixo": 4,
      "nota_folha_encargos_sobre_total_recursos": 4,
      "nota_receita_financeira_sobre_total_recursos": 1,
      "nota_retorno_carteira_de_credito": 1,
      "nota_despesas_financeiras_sobre_recursos_captados": 4,
      "nota_despesas_captacao_sobre_dep_prazo": 4,
      "nota_resultado_PCLD_sobre_despesas_totais_mes": 4,
      "nota_resultado_PCLD_sobre_total_recursos": 4,
      "nota_liquidez_geral": 1,
      "nota_participacao_capital_proprio": 1,
      "nota_rentabilidade_sobras_sobre_receitas_brutas": 1,
      "nota_rentabilidade_sobre_capital_proprio": 1,
      "nota_evolucao_quadro_social": 1,
      "nota_limite_exposicao_por_cliente": 4,
      "nota_concentacao_carteira_credito": 4,
      "nota_enquadramento_PRE": 1,
      "nota_concentracao_depositos": 4,
      "nota_imobilizacao_capital_proprio": 4,
      "nota_evolucao_patrimonial": 1,
      "alerta_sobras_ou_perdas_sobre_recursos_totais": 1,
      "alerta_inadimplencia": 0,
      "alerta_liquidez_na_central": 1,
      "alerta_adto_depositante": 0,
      "alerta_custo_fixo_sobre_total_recursos": 0,
      "alerta_tarifas_sobre_custo_fixo": 1,
      "alerta_honorarios_e_cedula_sobre_custo_fixo": 0,
      "alerta_folha_encargos_sobre_total_recursos": 0,
      "alerta_receita_financeira_sobre_total_recursos": 1,
      "alerta_retorno_carteira_de_credito": 1,
      "alerta_despesas_financeiras_sobre_recursos_captados": 0,
      "alerta_despesas_captacao_sobre_dep_prazo": 0,
      "alerta_resultado_PCLD_sobre_despesas_totais_mes": 0,
      "alerta_resultado_PCLD_sobre_total_recursos": 0,
      "alerta_liquidez_geral": 1,
      "alerta_participacao_capital_proprio": 1,
      "alerta_rentabilidade_sobras_sobre_receitas_brutas": 1,
      "alerta_rentabilidade_sobre_capital_proprio": 1,
      "alerta_evolucao_quadro_social": 1,
      "alerta_limite_exposicao_por_cliente": 0,
      "alerta_concentacao_carteira_credito": 0,
      "alerta_enquadramento_PRE": 1,
      "alerta_concentracao_depositos": 0,
      "alerta_imobilizacao_capital_proprio": 0,
      "alerta_evolucao_patrimonial": 1,
      "total": 64,
      "nu_justificativa": 21,
      "nu_plano": 9,
      "tx_justificativa": null,
      "tx_plano": null,
      "st_justificativa": 0,
      "st_plano": 0
    },
    {
      "cd_sistema": 1,
      "cd_central": 7,
      "cd_cooperativa": 17,
      "ano": 2012,
      "mes": 1,
      "nota_sobras_ou_perdas_sobre_recursos_totais": 1,
      "nota_inadimplencia": 4,
      "nota_liquidez_na_central": 1,
      "nota_adto_depositante": 4,
      "nota_custo_fixo_sobre_total_recursos": 4,
      "nota_tarifas_sobre_custo_fixo": 1,
      "nota_honorarios_e_cedula_sobre_custo_fixo": 4,
      "nota_folha_encargos_sobre_total_recursos": 4,
      "nota_receita_financeira_sobre_total_recursos": 1,
      "nota_retorno_carteira_de_credito": 1,
      "nota_despesas_financeiras_sobre_recursos_captados": 4,
      "nota_despesas_captacao_sobre_dep_prazo": 4,
      "nota_resultado_PCLD_sobre_despesas_totais_mes": 4,
      "nota_resultado_PCLD_sobre_total_recursos": 4,
      "nota_liquidez_geral": 1,
      "nota_participacao_capital_proprio": 1,
      "nota_rentabilidade_sobras_sobre_receitas_brutas": 1,
      "nota_rentabilidade_sobre_capital_proprio": 1,
      "nota_evolucao_quadro_social": 1,
      "nota_limite_exposicao_por_cliente": 4,
      "nota_concentacao_carteira_credito": 4,
      "nota_enquadramento_PRE": 1,
      "nota_concentracao_depositos": 4,
      "nota_imobilizacao_capital_proprio": 4,
      "nota_evolucao_patrimonial": 1,
      "alerta_sobras_ou_perdas_sobre_recursos_totais": 1,
      "alerta_inadimplencia": 0,
      "alerta_liquidez_na_central": 1,
      "alerta_adto_depositante": 0,
      "alerta_custo_fixo_sobre_total_recursos": 0,
      "alerta_tarifas_sobre_custo_fixo": 1,
      "alerta_honorarios_e_cedula_sobre_custo_fixo": 0,
      "alerta_folha_encargos_sobre_total_recursos": 0,
      "alerta_receita_financeira_sobre_total_recursos": 1,
      "alerta_retorno_carteira_de_credito": 1,
      "alerta_despesas_financeiras_sobre_recursos_captados": 0,
      "alerta_despesas_captacao_sobre_dep_prazo": 0,
      "alerta_resultado_PCLD_sobre_despesas_totais_mes": 0,
      "alerta_resultado_PCLD_sobre_total_recursos": 0,
      "alerta_liquidez_geral": 1,
      "alerta_participacao_capital_proprio": 1,
      "alerta_rentabilidade_sobras_sobre_receitas_brutas": 1,
      "alerta_rentabilidade_sobre_capital_proprio": 1,
      "alerta_evolucao_quadro_social": 1,
      "alerta_limite_exposicao_por_cliente": 0,
      "alerta_concentacao_carteira_credito": 0,
      "alerta_enquadramento_PRE": 1,
      "alerta_concentracao_depositos": 0,
      "alerta_imobilizacao_capital_proprio": 0,
      "alerta_evolucao_patrimonial": 1,
      "total": 64,
      "nu_justificativa": 20,
      "nu_plano": 9,
      "tx_justificativa": null,
      "tx_plano": null,
      "st_justificativa": 0,
      "st_plano": 0
    },
    {
      "cd_sistema": 1,
      "cd_central": 7,
      "cd_cooperativa": 17,
      "ano": 2012,
      "mes": 3,
      "nota_sobras_ou_perdas_sobre_recursos_totais": 1,
      "nota_inadimplencia": 4,
      "nota_liquidez_na_central": 1,
      "nota_adto_depositante": 4,
      "nota_custo_fixo_sobre_total_recursos": 4,
      "nota_tarifas_sobre_custo_fixo": 1,
      "nota_honorarios_e_cedula_sobre_custo_fixo": 4,
      "nota_folha_encargos_sobre_total_recursos": 4,
      "nota_receita_financeira_sobre_total_recursos": 1,
      "nota_retorno_carteira_de_credito": 1,
      "nota_despesas_financeiras_sobre_recursos_captados": 4,
      "nota_despesas_captacao_sobre_dep_prazo": 4,
      "nota_resultado_PCLD_sobre_despesas_totais_mes": 4,
      "nota_resultado_PCLD_sobre_total_recursos": 4,
      "nota_liquidez_geral": 1,
      "nota_participacao_capital_proprio": 1,
      "nota_rentabilidade_sobras_sobre_receitas_brutas": 1,
      "nota_rentabilidade_sobre_capital_proprio": 1,
      "nota_evolucao_quadro_social": 1,
      "nota_limite_exposicao_por_cliente": 4,
      "nota_concentacao_carteira_credito": 4,
      "nota_enquadramento_PRE": 1,
      "nota_concentracao_depositos": 4,
      "nota_imobilizacao_capital_proprio": 4,
      "nota_evolucao_patrimonial": 1,
      "alerta_sobras_ou_perdas_sobre_recursos_totais": 1,
      "alerta_inadimplencia": 0,
      "alerta_liquidez_na_central": 1,
      "alerta_adto_depositante": 0,
      "alerta_custo_fixo_sobre_total_recursos": 0,
      "alerta_tarifas_sobre_custo_fixo": 1,
      "alerta_honorarios_e_cedula_sobre_custo_fixo": 0,
      "alerta_folha_encargos_sobre_total_recursos": 0,
      "alerta_receita_financeira_sobre_total_recursos": 1,
      "alerta_retorno_carteira_de_credito": 1,
      "alerta_despesas_financeiras_sobre_recursos_captados": 0,
      "alerta_despesas_captacao_sobre_dep_prazo": 0,
      "alerta_resultado_PCLD_sobre_despesas_totais_mes": 0,
      "alerta_resultado_PCLD_sobre_total_recursos": 0,
      "alerta_liquidez_geral": 1,
      "alerta_participacao_capital_proprio": 1,
      "alerta_rentabilidade_sobras_sobre_receitas_brutas": 1,
      "alerta_rentabilidade_sobre_capital_proprio": 1,
      "alerta_evolucao_quadro_social": 1,
      "alerta_limite_exposicao_por_cliente": 0,
      "alerta_concentacao_carteira_credito": 0,
      "alerta_enquadramento_PRE": 1,
      "alerta_concentracao_depositos": 0,
      "alerta_imobilizacao_capital_proprio": 0,
      "alerta_evolucao_patrimonial": 1,
      "total": 64,
      "nu_justificativa": 22,
      "nu_plano": 9,
      "tx_justificativa": null,
      "tx_plano": null,
      "st_justificativa": 0,
      "st_plano": 0
    },
    {
      "cd_sistema": 1,
      "cd_central": 7,
      "cd_cooperativa": 17,
      "ano": 2012,
      "mes": 4,
      "nota_sobras_ou_perdas_sobre_recursos_totais": 1,
      "nota_inadimplencia": 4,
      "nota_liquidez_na_central": 1,
      "nota_adto_depositante": 4,
      "nota_custo_fixo_sobre_total_recursos": 4,
      "nota_tarifas_sobre_custo_fixo": 1,
      "nota_honorarios_e_cedula_sobre_custo_fixo": 4,
      "nota_folha_encargos_sobre_total_recursos": 4,
      "nota_receita_financeira_sobre_total_recursos": 1,
      "nota_retorno_carteira_de_credito": 1,
      "nota_despesas_financeiras_sobre_recursos_captados": 4,
      "nota_despesas_captacao_sobre_dep_prazo": 4,
      "nota_resultado_PCLD_sobre_despesas_totais_mes": 4,
      "nota_resultado_PCLD_sobre_total_recursos": 4,
      "nota_liquidez_geral": 1,
      "nota_participacao_capital_proprio": 1,
      "nota_rentabilidade_sobras_sobre_receitas_brutas": 1,
      "nota_rentabilidade_sobre_capital_proprio": 1,
      "nota_evolucao_quadro_social": 1,
      "nota_limite_exposicao_por_cliente": 4,
      "nota_concentacao_carteira_credito": 4,
      "nota_enquadramento_PRE": 1,
      "nota_concentracao_depositos": 4,
      "nota_imobilizacao_capital_proprio": 4,
      "nota_evolucao_patrimonial": 1,
      "alerta_sobras_ou_perdas_sobre_recursos_totais": 1,
      "alerta_inadimplencia": 0,
      "alerta_liquidez_na_central": 1,
      "alerta_adto_depositante": 0,
      "alerta_custo_fixo_sobre_total_recursos": 0,
      "alerta_tarifas_sobre_custo_fixo": 1,
      "alerta_honorarios_e_cedula_sobre_custo_fixo": 0,
      "alerta_folha_encargos_sobre_total_recursos": 0,
      "alerta_receita_financeira_sobre_total_recursos": 1,
      "alerta_retorno_carteira_de_credito": 1,
      "alerta_despesas_financeiras_sobre_recursos_captados": 0,
      "alerta_despesas_captacao_sobre_dep_prazo": 0,
      "alerta_resultado_PCLD_sobre_despesas_totais_mes": 0,
      "alerta_resultado_PCLD_sobre_total_recursos": 0,
      "alerta_liquidez_geral": 1,
      "alerta_participacao_capital_proprio": 1,
      "alerta_rentabilidade_sobras_sobre_receitas_brutas": 1,
      "alerta_rentabilidade_sobre_capital_proprio": 1,
      "alerta_evolucao_quadro_social": 1,
      "alerta_limite_exposicao_por_cliente": 0,
      "alerta_concentacao_carteira_credito": 0,
      "alerta_enquadramento_PRE": 1,
      "alerta_concentracao_depositos": 0,
      "alerta_imobilizacao_capital_proprio": 0,
      "alerta_evolucao_patrimonial": 1,
      "total": 64,
      "nu_justificativa": 23,
      "nu_plano": 9,
      "tx_justificativa": null,
      "tx_plano": null,
      "st_justificativa": 0,
      "st_plano": 0
    },
    {
      "cd_sistema": 1,
      "cd_central": 7,
      "cd_cooperativa": 17,
      "ano": 2012,
      "mes": 5,
      "nota_sobras_ou_perdas_sobre_recursos_totais": 1,
      "nota_inadimplencia": 4,
      "nota_liquidez_na_central": 1,
      "nota_adto_depositante": 4,
      "nota_custo_fixo_sobre_total_recursos": 4,
      "nota_tarifas_sobre_custo_fixo": 1,
      "nota_honorarios_e_cedula_sobre_custo_fixo": 4,
      "nota_folha_encargos_sobre_total_recursos": 4,
      "nota_receita_financeira_sobre_total_recursos": 1,
      "nota_retorno_carteira_de_credito": 1,
      "nota_despesas_financeiras_sobre_recursos_captados": 4,
      "nota_despesas_captacao_sobre_dep_prazo": 4,
      "nota_resultado_PCLD_sobre_despesas_totais_mes": 4,
      "nota_resultado_PCLD_sobre_total_recursos": 4,
      "nota_liquidez_geral": 1,
      "nota_participacao_capital_proprio": 1,
      "nota_rentabilidade_sobras_sobre_receitas_brutas": 1,
      "nota_rentabilidade_sobre_capital_proprio": 1,
      "nota_evolucao_quadro_social": 1,
      "nota_limite_exposicao_por_cliente": 4,
      "nota_concentacao_carteira_credito": 4,
      "nota_enquadramento_PRE": 1,
      "nota_concentracao_depositos": 4,
      "nota_imobilizacao_capital_proprio": 4,
      "nota_evolucao_patrimonial": 1,
      "alerta_sobras_ou_perdas_sobre_recursos_totais": 1,
      "alerta_inadimplencia": 0,
      "alerta_liquidez_na_central": 1,
      "alerta_adto_depositante": 0,
      "alerta_custo_fixo_sobre_total_recursos": 0,
      "alerta_tarifas_sobre_custo_fixo": 1,
      "alerta_honorarios_e_cedula_sobre_custo_fixo": 0,
      "alerta_folha_encargos_sobre_total_recursos": 0,
      "alerta_receita_financeira_sobre_total_recursos": 1,
      "alerta_retorno_carteira_de_credito": 1,
      "alerta_despesas_financeiras_sobre_recursos_captados": 0,
      "alerta_despesas_captacao_sobre_dep_prazo": 0,
      "alerta_resultado_PCLD_sobre_despesas_totais_mes": 0,
      "alerta_resultado_PCLD_sobre_total_recursos": 0,
      "alerta_liquidez_geral": 1,
      "alerta_participacao_capital_proprio": 1,
      "alerta_rentabilidade_sobras_sobre_receitas_brutas": 1,
      "alerta_rentabilidade_sobre_capital_proprio": 1,
      "alerta_evolucao_quadro_social": 1,
      "alerta_limite_exposicao_por_cliente": 0,
      "alerta_concentacao_carteira_credito": 0,
      "alerta_enquadramento_PRE": 1,
      "alerta_concentracao_depositos": 0,
      "alerta_imobilizacao_capital_proprio": 0,
      "alerta_evolucao_patrimonial": 1,
      "total": 64,
      "nu_justificativa": 24,
      "nu_plano": 9,
      "tx_justificativa": null,
      "tx_plano": null,
      "st_justificativa": 0,
      "st_plano": 0
    }
  ]
}